Designator,Mid X,Mid Y,Rotation,Layer
BT1,116.728333,-140.169023,90.0,bottom
C1,134.928333,-153.069023,0.0,bottom
D1,53.028333,-130.699023,90.0,top
D2,65.228333,-129.539023,90.0,top
D3,74.828333,-124.699023,90.0,top
D4,105.958333,-176.469023,0.0,top
D5,121.058333,-174.769023,0.0,top
D6,133.023333,-168.269023,0.0,top
R1,128.228333,-152.559023,90.0,top
R2,128.228333,-162.279023,90.0,top
R3,56.82833180637818,-137.56902277278556,70.0,top
R4,64.92833353897652,-135.569023443089,10.0,top
R5,74.94810388519431,-130.6721192539292,20.0,top
R6,51.42833379290572,-147.46902367171668,50.0,top
R7,50.6283335618406,-161.26902339816135,285.0,top
R8,70.1283335389765,-179.469023556911,350.0,top
SW1,132.478333,-177.319023,0.0,top
U1,134.428333,-142.269023,0.0,bottom
